Trend,Tweet
Trish,MOTHER TRISH STRATUS OHHH
Trish,"tiffany competing in a tag team match with trish stratus, and then she faces charlotte flair just a month later. this run might be her best, strattonistas we made it."
Trish,"kamala and I really in the same vicinity rn, let me manifest that i see her "
Trish,"Smackdown was GREAT! Nia & Tiffany stole the show, Naomi will compete at Elimination Chamber, Trish returned & most likely will have a match in her hometown & we finally got news about Jades Attacker‚Ä¶
#Smackdown"
Trish,I‚Äôll never get tired of seeing Trish on my tv screen
Trish,"#WWE #SmackDown results:

Cody, Drew, Solo segment

Naomi def. Chelsea Green

MCMG def. Los Garza

LA Knight def. Miz

Carmelo Hayes def. R-Truth

Tiffany Stratton def. Nia Jax"
Trish,"#Trish haciendo un cosplay de rouge the bat.   
(2/4)

#Snootgame #snootgameart #GVH"
Trish,"It Was Amazing to See TRISH STRATUS Making a Comeback Like This 

 #SmackDown"
Trish,22 o_0
Trish,"Brother, Candice lerae is wrestling Trish stratus. I love this game"
Trish,"#Trish haciendo un cosplay de rouge the bat.   
(2/4)

#Snootgame #snootgameart #GVH"
Trish,"It Was Amazing to See TRISH STRATUS Making a Comeback Like This 

 #SmackDown"
Trish,22 o_0
Trish,"Brother, Candice lerae is wrestling Trish stratus. I love this game"
Trish,"TIFFANY STRATTON AND TRISH STRATUS VS NIA JAX AND CANDICE LARAE AT ELIMINATION CHAMBER 

#SmackDown"
Trish,Trish Stratus shares her yoga routine 
Trish,"2.2.2025 
The day I adopted Izzy and she in turn rescued me 
Thank you 
@LogeshBala91
 for giving her to me when I desperately needed some light in my life
My lil Godsend 
My forever Valentine"
Trish,"JADE CARGILL'S ATTACKER REVEALED!!!

This surely has got to be a swerve

Charlotte Flair vs Tiffany Stratton Graphics go hard!!

Tiffany & Trish vs Nia & Candice at ELIMINATION CHAMBER"
Trish,Oscar Crave will return with the iconic pink microphone at select stops on The Eras of Trish Tour.
Trish,"Which match would you prefer at Elimination Chamber, 1 or 2?

1) Trish Stratus vs Tiffany Stratton

2) Trish Stratus vs Chelsea Green"
Trish,Sundown in #Vancouver 
Trish,IM FUCKING CRYING WHAT IS THISJDLDKSSK
Trish,"There is no such thing as ‚Äútransgender‚Äù. 
Is called gender dysphoria! This is another BS movement for people that want attention!
While some stay silent, I will not!
Instead of celebrating & pandering to the mentally ill, my position is GET them the competent psychiatric care"
Trish,"Feb you were Fab! 

Trish NGL but kayal is going to be the most prettiest character ever 
@trishtrashers
 "
Trish,TIFFANY AND TRISH VS NIA AND CANDICE?? EVERYONE GET UP #Smackdown
Trish,"Roxanne was tasked with naming her Top 5 Dream #WrestleMania opponents from the past: AJ Lee, Lita, Trish Stratus, Chyna & Mickie James

Perez noted she believes both Trish & Mickie are possibilities 

(No Contest Wrestling Podcast on YouTube)"
Trish,Good morning lovebirds 
Trish,"TRISH! 

#SmackDown"
Trish,Another spin around downtown #Vancouver 
Trish,"Truly, inspiring...    

HAPPY VALENTINES DAY JALYNE 
JALYNE FIRST VALENTINE
JASON ACHEAMPONG
RHODARLYNE BUABENG 
#JalyneLoveLivesOn
#Jalyne"
Trish,"Tiffany backstage with Byron, and on top of everything, Flair announces she‚Äôs chosen Tiffany to face her at WrestleMania. Charlotte‚Äôs about to know it‚Äôs Tiffy Time. But after what Nia and Candice did, it‚Äôs hard to focus on Mania.
Then Trish shows up, suggesting a Toronto"
Trish,Thank you Trish!
Trish,Happy Valentine's Day! 
Trish,"DSA is really tough, but you don't seem to struggle?

Here are some of the hardest questions you might face in an interview. 

Practice these using the ùüØ-ùü≥-ùü≠ùü± ùóøùòÇùóπùó≤: 

First solve the question, then note down the answer. After three days, try to remember the question from"
Trish,"Top 5 #fishtanklive contestants according to Burt
-Luke
-Jobe
-Vance
-Josie
-Trish"
Trish,"Poor iskepsel, no boyfriend, no valentine gift nothing aai... Kodwake nginayo i tax number  akusenani ne tv license number "
Trish,"It‚Äôs not late for book 
Just call this number  #ShadesOfLoveWithAkwaboah"
Trish,"IH RAPAZ

TRISH STRATUS APARECE PARA SALVAR A CAMPE√É.
#SmackDown"
LV BAG IS COMING,"LV BAG by Don Toliver & Speedy (feat. #jhope, Pharrell Williams) will out on February 21

LV BAG IS COMING
J-HOPE IS COMING
#LVBag

PRE SAVE: https://dontoliver.lnk.to/LVBag"
LV BAG IS COMING,"[NEW] LV BAG by #JHOPE, DON TOLIVER , SPEEDY & PHARRELL WILLIAMS will be released THIS FRIDAY!

 FEBRUARY 21ST, 2025
J-HOPE IS COMING"
LV BAG IS COMING,"LV BAG IS COMING 
J-HOPE IS COMING"
LV BAG IS COMING," Feb 21, 2025 

LV BAG IS COMING
J-HOPE IS COMING
#LVBag #jhopeXDonToliver"
LV BAG IS COMING,LV BAG IS COMING ON 21 FEBRUARY
LV BAG IS COMING,"ÿ®ÿßŸÑÿßÿÆÿ±Ÿá ÿÆÿ®ÿ±ÿ¥ ÿßŸàŸÖÿØ 
LV BAG IS COMING
ÿ¨ŸÖÿπŸá ÿ¢ŸáŸÜ⁄Ø ÿØÿßÿ±€åŸÖŸÖŸÖŸÖŸÖ 

Ÿæÿ±€åŸÖ€åŸàŸÖÿß Ÿæÿ±€å‚Äåÿ≥€åŸà ⁄©ŸÜ€åÿØ: 
http://dontoliver.lnk.to/LVBag"
LV BAG IS COMING,#NouvellePhotoDeProfil #LVBag #LVBagwithjhope #lvbagiscoming
LV BAG IS COMING,LV BAG FINALLY DROPPING ON FRIDAY 21ST FEBRUARY.
LV BAG IS COMING,"Small edits by me 
JHOPE IS COMING 
LV BAG IS COMING 
#LVBagwithjhope #lvbagiscoming"
LV BAG IS COMING,"trend higher! 

LV BAG IS COMING
JHOPE √ó DON TOLIVER
J-HOPE IS COMING
#LVBag"
LV BAG IS COMING,"[]

J-HOPE IS COMING 
LV BAG IS COMING
J-HOPE LV BAG IS COMING
#LVBag #JHOPE"
LV BAG IS COMING,"I PRAY HOBI IS IN THE MV 
LV BAG IS COMING
J-HOPE IS COMING
#LVBag"
LV BAG IS COMING,"OFICIALMENTE SE VIENE LV BAG. EL 21 DE FEBRERO, LA COLLAB DEL A√ëO, SE VIENE CON TODOO

J-HOPE IS COMING 
J-HOPE NEW SONG 
LV BAG IS COMING
J-HOPE LV BAG IS COMING"
LV BAG IS COMING,"[] 

RT +YORUM 

LV BAG IS COMING
JHOPE IS COMING
#LVBag #JHOPE"
LV BAG IS COMING,"J-HOPE IS COMING 
J-HOPE NEW SONG 
LV BAG IS COMING
J-HOPE LV BAG IS COMING"
LV BAG IS COMING,"RT & REPLY 

LV BAG IS COMING
JHOPE IS COMING
JHOPE √ó DON TOLIVER"
LV BAG IS COMING,"RT AND REPLY

Pre-Save & Pre-order : http://dontoliver.lnk.to/LVBag

LV BAG IS COMING
JHOPE IS COMING
#LVBag #JHOPE"
LV BAG IS COMING,"ARMY, let's trend higher!!

LV BAG IS COMING
JHOPE IS COMING
JHOPE √ó DON TOLIVER
#LVBag #JHOPE"
LV BAG IS COMING,"RT & REPLY 

LV BAG IS COMING
JHOPE IS COMING
JHOPE √ó DON TOLIVER"
LV BAG IS COMING,"RT AND REPLY

Pre-Save & Pre-order : http://dontoliver.lnk.to/LVBag

LV BAG IS COMING
JHOPE IS COMING
#LVBag #JHOPE"
LV BAG IS COMING,"ARMY, let's trend higher!!

LV BAG IS COMING
JHOPE IS COMING
JHOPE √ó DON TOLIVER
#LVBag #JHOPE"
LV BAG IS COMING,"LV BAG IS COMING
JHOPE IS COMING"
LV BAG IS COMING,LV BAG IS FINALLY COMING !!!
LV BAG IS COMING,"just woke up and reading all those who is speedy tweets lmaooo  

JHOPE IS COMING 
LV BAG IS COMING
DON X JHOPE IS COMING
#LV_BAG #JHOPE #JHOPExDONTOLIVER"
LV BAG IS COMING,"hobiuary t√° na metade e al√©m do anivers√°rio do pr√≠ncipe, t√° me proporcionando tantas coisas realmente o melhor m√™s LV BAG IS COMING"
LV BAG IS COMING,"Mark the date guys!! 

21st Feb

LV BAG IS COMING
J-HOPE IS COMING
#LVBag"
LV BAG IS COMING,"despu√©s de tanta espera por fin tenemos fecha de estreno para lv bag, no puedo esperar para escuchar tremenda joya 

J-HOPE IS COMING
LV BAG IS COMING
J-HOPE LV BAG IS COMING"
LV BAG IS COMING,"FINALLY 

LV BAG IS COMING
JHOPE √ó DON TOLIVER
J-HOPE IS COMING
#LVBag"
LV BAG IS COMING,LV BAG IS COMING AND HE IS TO BREAK EVERYTHING!!!
LV BAG IS COMING,HELLO LV BAG WHAT??!? IS IT REALLY COMING???
LV BAG IS COMING,"POR EL LANZAMIENTO DE ""LV BAG"" SE HA PROPUESTO QUE EN NUESTROS ICONS PONGAMOS EL FONDO ROSA QUE TRAE LA PORTADA DEL ANUNCIO DE LA CANCI√ìN!!

COMENTEN SI YA LO HICIERON

LV BAG IS COMING 
JHOPE IS COMING 
DON X JHOPE IS COMING
#LV_BAG #JHOPE #JHOPExDONTOLIVER"
LV BAG IS COMING,"Finally!!! So ready for this

LV BAG will be released on FRIDAY 21th, 2025!

LV BAG IS COMING
JHOPE IS COMING
#LVBag #JHOPE

http://dontoliver.lnk.to/LVBag"
LV BAG IS COMING,LV BAG IS COMING AND HE IS TO BREAK EVERYTHING!!!
LV BAG IS COMING,HELLO LV BAG WHAT??!? IS IT REALLY COMING???
LV BAG IS COMING,"POR EL LANZAMIENTO DE ""LV BAG"" SE HA PROPUESTO QUE EN NUESTROS ICONS PONGAMOS EL FONDO ROSA QUE TRAE LA PORTADA DEL ANUNCIO DE LA CANCI√ìN!!

COMENTEN SI YA LO HICIERON

LV BAG IS COMING 
JHOPE IS COMING 
DON X JHOPE IS COMING
#LV_BAG #JHOPE #JHOPExDONTOLIVER"
LV BAG IS COMING,"Finally!!! So ready for this

LV BAG will be released on FRIDAY 21th, 2025!

LV BAG IS COMING
JHOPE IS COMING
#LVBag #JHOPE

http://dontoliver.lnk.to/LVBag"
LV BAG IS COMING,"–ø–∞—Ä–Ω–∏ –≤—ã –±–∞–ª—É–µ—Ç–µ –º–µ–Ω—è –ª—é–±–∏–º—ã–º  –ø–∏–Ω–∫–∏ —Ü–≤–µ—Ç–æ–º 

LV BAG IS COMING 
JHOPE IS COMING
#LVBag #JHOPE"
LV BAG IS COMING,"WE HAVE A DATE!!! LV BAG COMING FEB 21st!

ARMY PRE SAVE IT NOW HERE!!

: https://dontoliver.lnk.to/LVBag"
LV BAG IS COMING,"FINALLY FINALLY A RELEASE DATE!! ITI KHUSHI ITI KHUSHI 

J-HOPE X DON TOLIVER
J-HOPE IS COMING 
LV BAG IS COMING 
#LVbag"
Cambodia,I have a better idea for the Communist News Network employees.  Why don‚Äôt you stay in Cambodia and help them clean up if you care that fvcking much?  Where were you when North Carolina houses got destroyed and FEMA was Fvcking them over by using all the hotel rooms?  Not a peep
Cambodia,"I literally laughed out loud at this

NBC News is out in Cambodia, they‚Äôve dressed their professional propagandist up in full gear and are shooting a propaganda video about how devastating it is that USAID has been shut down for Cambodia

NBC News wants your tax dollars to clean"
Cambodia,"Humble proposal: USA cleans up the landmines in USA, Cambodia cleans up the landmines in Cambodia 

That war has been over longer than I have been alive. Rediculous notion I should pay for it"
Cambodia,"I literally laughed out loud at this

NBC News is out in Cambodia, they‚Äôve dressed their professional propagandist up in full gear and are shooting a propaganda video about how devastating it is that USAID has been shut down for Cambodia

NBC News wants your tax dollars to clean"
Cambodia,"3. Angkor Wat, Cambodia  - The largest religious monument int he world: where every inch is treasure hunt , every stone sings the glory of the ancient chisel."
Cambodia,Angkor Wat in Cambodia
Cambodia,"I could spend an eternity here

Boeng Mealea Temple. Cambodia"
Cambodia,"You pathetic lying zionist shit.

Those are the victims of the 500,000 tons of bombs dropped by the US in Cambodia during the Vietnam War.

There are approx. 6 million unexploded bombs in Cambodia still,  which takes lives and disfigures men, women, and children every year."
Cambodia,"These men have to cut their arms off in order to get married, in this Vietnamese village.

Turns out that matriarchies are violent too‚Ä¶."
Cambodia,"IGs changeartist.official update 

Hello Cambodia 
#DreamDate1stFMinKH 

Benz Atthanin 
@Benzalert_np
#BENZALERT 
#‡πÅ‡∏ö‡∏ï‡πÄ‡∏ï‡∏≠‡∏£‡∏µ‡πà‡∏Ç‡∏≠‡∏á‡∏≠‡πÄ‡∏•‡∏¥‡πä‡∏ï
#ThisLoveDoesntHaveLongBeans"
Cambodia,"Currently in Cambodia and I learnt recently about the genocide that happened here which is one of the worst in modern history.

1/4 of the entire population was brutally tortured and killed, over 2 Million Cambodians 

So many people here still affected by it but getting on"
Cambodia,"Welcome to Episode 1 #CSCECMeetHeritage
Paper-cutting, a Chinese intangible cultural heritage, is rich in cultural significance and symbolizes good fortune. Through its delicate strokes, the contours of the Cambodia-China Friendship Preah Kossamak Hospital come to life on"
Cambodia,"Once again happy Valentine‚Äôs to PP and everyone also 

VALENTINEDAY WITH PP
#‡∏û‡∏µ‡∏û‡∏µ‡∏õ‡∏∏‡∏ç‡∏ç‡πå‡∏õ‡∏£‡∏µ‡∏î‡∏µ 
#punpreedee"
Cambodia,Come Enjoy Valentine‚Äôs Day with Music. Pretty sure Argentina‚Äôs President didn‚Äôt Launch Meme Coins. Sorry Europe we keep VP JD Vance. Love the Felon Mugshot outside the Oval Office. Cambodia doesn‚Äôt need USAID. Druski is doing Something Tonight.#NBAAllStar
Cambodia,Set a reminder for my upcoming Space! https://x.com/i/spaces/1ypJdZRVBOqKW‚Ä¶
Cambodia,I could almost cry seeing #NathanAndElizabeth SO INCANDESCENTLY HAPPY!    #Hearties #McGarries #KeenOn13 #ENdgame #GrantUsAFamily
Cambodia,"In the 50 years since the end of the Vietnam War left Southeast Asia riddled with remnants of war, foreign aid from the U.S. has steadily funded the removal of landmines and unexploded ordnance. 

That lifesaving work is now in jeopardy."
Cambodia,"How many years ago did the Vietnam War end?  And how many MILLIONS of dollars did we pour into that country?
Oh. And HOW MANY AMERICAN SOLDIERS WERE MISSING IN ACTION IN CAMBODIA IN THE VIETNAM WAR? F* the landmines
 We want our soldier's remains returned."
Cambodia,"I literally laughed out loud at this

NBC News is out in Cambodia, they‚Äôve dressed their professional propagandist up in full gear and are shooting a propaganda video about how devastating it is that USAID has been shut down for Cambodia

NBC News wants your tax dollars to clean"
Cambodia,Saturday..
Cambodia,"How many years ago did the Vietnam War end?  And how many MILLIONS of dollars did we pour into that country?
Oh. And HOW MANY AMERICAN SOLDIERS WERE MISSING IN ACTION IN CAMBODIA IN THE VIETNAM WAR? F* the landmines
 We want our soldier's remains returned."
Cambodia,"I literally laughed out loud at this

NBC News is out in Cambodia, they‚Äôve dressed their professional propagandist up in full gear and are shooting a propaganda video about how devastating it is that USAID has been shut down for Cambodia

NBC News wants your tax dollars to clean"
Cambodia,Saturday..
Cambodia,"El 18 de junio de 1971 hablo por 1era vez Richard Nixon de la guerra contra las drogas.
En esas mismas fechas Air America, una l√≠nea de carga fachada montada por la CIA, traficaba heroina desde Laos y Cambodia y se experimentaba LSD en soldados en Vietnam."
Cambodia,"The 
@WPT
 has officially touched down in Cambodia! 

We've seen over 20 events at our WPT Cambodia festival so far 
@NagaWorld
, with the WPT Prime Championship kicking off today seeing 334 entries for it's first flight - and just 42 bagging up for Day 2."
Cambodia,"Welcome Kaprao Gang to Cambodia 
 ~credit on Video~
#Sailubpon #Benzgarfield 
  #michaelkvs   #LeeAsre
#ThisLoveDoesntHaveLongBeans
#DreamDate1stFMinKH
#‡∏£‡∏±‡∏Å‡∏ô‡∏µ‡πâ‡πÑ‡∏°‡πà‡∏°‡∏µ‡∏ñ‡∏±‡πà‡∏ß‡∏ù‡∏±‡∏Å‡∏¢‡∏≤‡∏ß
#LeayDoDee #Change2561
#ThePaseox‡∏£‡∏±‡∏Å‡∏ô‡∏µ‡πâ‡πÑ‡∏°‡πà‡∏°‡∏µ‡∏ñ‡∏±‡πà‡∏ß‡∏ù‡∏±‡∏Å‡∏¢‡∏≤‡∏ß"
Cambodia,"@NBCNews
 , are you fucking kidding me?? You think the AMERICAN tax payers should pay to remove landmines in Cambodia? How in the HELL does that work in the best interest of AMERICANS??"
Cambodia,„Ç≥„Éº„Éí„Éº„Éª„Éñ„É¨„Ç§„ÇØ
Cambodia,"We regularly meet w/ a diverse range of stakeholders including political parties to enhance our understanding of  political, human rights & socio-economy landscape. We met w/ Nation Power Party & the New Generation Party to discuss their challenges &plans for future elections."
Cambodia,(1/3) Director of the National Anti-Human Trafficking Centre Pol Gen Thatchai Pitaneelabutr said on Thursday only 1% of people from different nationalities who end up working for call call-centre scammers in #Myanmar & #Cambodia were deceived. #Thailand
Cambodia,"Sending love to you both na ka our 2 sunshine  wish you both success and happiness  Love from Cambodia 

Big thanks to 
@BILLYBABE_OFC
  for help na ka

#BillyBabe #bbil1ypn #babiibabe #‡∏ö‡∏¥‡∏•‡∏•‡∏µ‡πà‡πÄ‡∏ö‡πâ‡∏ö"
Cambodia,"„Ç´„É≥„Éú„Ç∏„Ç¢ÊóÖË°å„Åß‰Ωø„Åà„Çã„Çπ„Éû„ÉõÊ±∫Ê∏à„Ç¢„Éó„É™ÔΩúBakong Tourists App„ÅÆ‰Ωø„ÅÑÊñπ

ÊóÖË°åËÄÖÂêë„Åë„ÅÆÊñ∞„Åó„ÅÑ„Éá„Ç∏„Çø„É´Ê±∫Ê∏à„Ç∑„Çπ„ÉÜ„É†„ÄåBakong Tourists „Ç¢„Éó„É™„Äç„ÄÇ„Åì„ÅÆ„Ç¢„Éó„É™„ÇíÂà©Áî®„Åô„Çã„Åì„Å®„Åß„ÄÅÁèæÂú∞„ÅÆÈäÄË°åÂè£Â∫ß„ÇíÊåÅ„Å£„Å¶„ÅÑ„Å™„ÅÑÊóÖË°åËÄÖ„Åß„ÇÇ„ÄÅÁ∞°Âçò„Å´QR„Ç≥„Éº„ÉâÊ±∫Ê∏à„ÅåË°å„Åà„Çã„Çà„ÅÜ„Å´„Å™„Çä„Åæ„Åô„ÄÇ"
Cambodia,"Finallyyyy! 
See you in Hong Kong &amp; Cambodia na kubbbb  

(( ‡∏°‡∏µ‡∏ö‡∏±‡∏ï‡∏£‡∏Æ‡πà‡∏≠‡∏á‡∏Å‡∏á 1388 ‡∏≠‡∏µ‡∏Å 1 ‡πÉ‡∏ö ‡∏™‡∏ô‡πÉ‡∏à dm ‡πÑ‡∏î‡πâ‡πÄ‡∏•‡∏¢‡∏Ñ‡πâ‡∏≤‡∏ö‡∏ö‡∏ö ))
#SkyNani1stFMinHongKong 
#SNFANDAYxCAMBODIA
#skywongravee #hirunkit_"
Cambodia,"Smiling Faces of Bayan - Cambodia 

Bayon a richly decorated Khmer  temple related to Buddhism at  Angkor in Cambodia. Built in late 12th or early 13th Century AD, as state temple of King Jayavarman VII (r. 1181-1218 AD). Bayon was last state temple to be built at Angkor and"
Cambodia,"In the 50 years since the end of the Vietnam War left Southeast Asia riddled with remnants of war, foreign aid from the U.S. has steadily funded the removal of landmines and unexploded ordnance. 

That lifesaving work is now in jeopardy."
Cambodia,"Truong Huy San, 64, better known as ‚ÄúThe Winning Side‚Äù author Huy Duc, has been detained for more than eight months.

https://rfa.org/english/vietnam/2025/02/13/author-charged-voa-blogger-detained-cambodia/‚Ä¶

#Vietnam"
Cambodia,"The brothers in Cambodia love you
@malisorn00
 @Yoko_apasra
 

ONLY PERAYA APASRA
#FayeYokoForever"
Cambodia,"Fan all around world to love, support Fayeyoko I am so excited 
Let‚Äôs keep fighting together I believe we can do it"
Cambodia,"An expert team from the Cambodian Mine Action Centre (CMAC) has discovered and safely removed an U.S.-made MK-82 aerial bomb left from the war in southern Kandal province, a mine clearance chief reported on Thursday."
Cambodia,"Last day in cambodia with some time for some sightseeing before departure- travelled 70 km from phomn penh to visit at 11th century but this temple. To get up to it you have to climb 500 steps, not so easy in the heat when it's mid 30s and no shade"
Cambodia,"Last night I expressed my strong admiration for media professionals, given the challenges in the media environment in Cambodia."
Cambodia,"Yesterday, Amb @DomWUK hosted the Media Networking Reception, bringing together journalists and media professionals to recognise their important works either in news reporting or working to support media development in Cambodia. #UKKH"
Cambodia,"See you soon in Cambodia...Miss you and love you
@khaooo___
 @thi____thi
 @tuinane_
 @KimNga9911
#BPFANDAYxCAMBODIA 
#GMMTVFANDAY19 
#BounPrem"
Cambodia,"Oh all the faux concern all of a sudden.
With the funds to put the reporting team on the ground in Cambodia, NBC could have instead covered the removal of the rest of the land mines!"
Cambodia,"They are still trying to gaslight us by pretending USAID provides ""aid""

Next they'll tell us the Inflation Reduction act was intended to reduce inflation "
Parker,How to whiten your teeth and remove Tatar at home
Parker,"What does a vortex on the Sun sound like?

NASA's Parker Spacecraft Records Sound of Particles Colliding Near the Sun"
Parker,"""Biggest win of my entire life ... GOD, I LOVE THIS PLACE!""- Parker Kligerman
@ReganSmith
 | #NASCARonFS1"
Parker,"""I'm just like anybody else.""

Thousands of angry text messages, venmo requests and drama galore, 
@CoachSchloss
 is ready to leave behind the controversy of his arrival and focus on what he came to Texas to do....win a National Championship

#Texas | #Hookem"
Parker,Got the ride to ourself thanks to the S25 Ultra
Parker,This combo will solve all your skin problems and leave your skin glowing
Parker,Blaming sex workers for your broken marriage is like blaming bartenders for your drinking problem.
Parker,Pretty cool popcorn bucket for #CaptainAmericaBraveNewWorld
Parker," THE ONLY OFFICIAL PATRIOT MEME COIN 

I've been in crypto long enough to recognize a winner - and $PAT is the real deal 

This isn‚Äôt just another token. It‚Äôs backed by a powerhouse team and a strong vision. With the market primed for the next bull run, $PAT is ready to go"
Parker,"Message that can make her smile throughout this Val‚Äôs day

Check thread "
Parker,let‚Äôs mourn for our sister
Parker,EVERYBODY WRECKING AND A PARKER KLIGERMAN W WAS BREWING
Parker,Something is brewing..
Parker,"-Hi, I'm a mediocre and ordinary
Spider-Man series, with bad animation
>
D:
-I LIED, I'm the best Spider-Man series since
Spectacular Spider-Man, I have excellent
and charismatic characters, and an
incredible Peter Parker > :D"
Parker,"Parker Kligerman has been disqualified for ride height, left side 

Corey Heim officially the winner"
Parker,"Muito se fala de Zeus, Doran, Oner, Faker

Mas ngm falou do VERDADEIRO her√≥i da s√©rie...

ELE CONTINUA DE P√â, PORRA."
Parker,"#Êò•ÁåøÁÅ´ 1st Mini Album
„ÄéRULE THE WORLD„ÄèÁô∫Â£≤„Åæ„Åß„ÄÅ

Ôºè
„ÅÇ„Å®5Êó•ÔºÅ
Ôºº

Êú¨Êó•„ÅØ„Ç¢„É´„Éê„É†„Å´ÂèéÈå≤„Åï„Çå„Å¶„ÅÑ„ÇãÊ•ΩÊõ≤„Åã„Çâ„ÄåMETA„Äç„ÇíÁ¥π‰ªã„ÄÇ

Lyrics: Âº•‰πãÂä©(AFRO PARKER) 
Music & Arrangement: PABLO"
Parker,"Parker Kligerman is heading to The CW Xfinity Series booth, but before that happens, he wins the Truck race at Daytona."
Parker,"Muito se fala de Zeus, Doran, Oner, Faker

Mas ngm falou do VERDADEIRO her√≥i da s√©rie...

ELE CONTINUA DE P√â, PORRA."
Parker,"#Êò•ÁåøÁÅ´ 1st Mini Album
„ÄéRULE THE WORLD„ÄèÁô∫Â£≤„Åæ„Åß„ÄÅ

Ôºè
„ÅÇ„Å®5Êó•ÔºÅ
Ôºº

Êú¨Êó•„ÅØ„Ç¢„É´„Éê„É†„Å´ÂèéÈå≤„Åï„Çå„Å¶„ÅÑ„ÇãÊ•ΩÊõ≤„Åã„Çâ„ÄåMETA„Äç„ÇíÁ¥π‰ªã„ÄÇ

Lyrics: Âº•‰πãÂä©(AFRO PARKER) 
Music & Arrangement: PABLO"
Parker,"Parker Kligerman is heading to The CW Xfinity Series booth, but before that happens, he wins the Truck race at Daytona."
Parker,"Think you know Jim Schlossnagle and his move to Texas? Think again....

I sat down with 
@CoachSchloss
 to talk all things Texas Baseball, venmo requests and the press conference from hell....

Full story airs tonight on KVUE at 10, here is a sneak peak of the story:

#Texas |"
Parker,no se en que momento me convert√≠ en Peter Parker 
Parker,"""The Eagles reminded us that nothing is possible!""
(not a typo) 
- Mayor Parker
Then she got preachy & lectured the crowd on hate as they chanted ""WRAP IT UP, WRAP IT UP."" #EaglesParade"
Parker,PARKER KLIGERMAN WINS THE TRUCK RACE!
Parker,"Happy birthday dearest 
@ajfoh
 the loveliest warmest person in the world. Thank you for helping make Parkers what it is https://instagr.am/p/DGFhTRHIjKf/"
Parker,"Let‚Äôs goooo 
@TheCW_Sports"
Parker,"Martinez said winning starts with building the culture and he's eager to do that.

He's also ready for the 
@WacoISD
 rivalry with his friend 
@CoachK_Johnson
 on the other side 

""He knows what's coming... Lion Pride runs deep and they know that. So, I'm just happy to be here,"
Parker,"Got the chance to talk with @TheWacoHighLion‚Äôs newest Head Football Coach/AD, Esrom Martinez after @WacoISD named him the latest leader of the Lions‚Äô football program!

We‚Äôll hear from him on FOX 44 tonight at 5:30 and 9."
Parker,"#Êò•ÁåøÁÅ´ 1st Mini Album
„ÄéRULE THE WORLD„ÄèÁô∫Â£≤„Åæ„Åß„ÄÅ

Ôºè
„ÅÇ„Å®6Êó•ÔºÅ
Ôºº

Êú¨Êó•„ÅØ„Ç¢„É´„Éê„É†„Å´ÂèéÈå≤„Åï„Çå„Å¶„ÅÑ„ÇãÊ•ΩÊõ≤„Åã„Çâ„ÄåXRXD„Äç„ÇíÁ¥π‰ªã„ÄÇ

Lyrics: Âº•‰πãÂä©(AFRO PARKER) 
Music & Arrangement: ALI-KICK"
Parker,"Yeah nah sorry Wayne-o

Just because some woke idiots who are into sexualising kids ‚Äòfelt threatened‚Äô doesn‚Äôt mean there was ‚Äòthuggery‚Äô

And you know, we really don‚Äôt care. Fuck the Pedo pushers. 

Oh also you were the Mayor when Posey Parker along with other Women were beaten up"
Parker,"The actions of Destiny Church in Te Atat≈´ today are totally unacceptable. While I respect freedom of speech and the right to peaceful protest, there is absolutely no place for thuggery."
Parker,Back-to-back strikeouts for Caedmon Parker to strand a runner in scoring position.
Parker,"I am giving away 6 codes for the Base Snek Little Legend! #LeaguePartner

To have a chance at winning one:

RETWEET
LIKE
FOLLOW me

The giveaway ends on February 21st and winners will get a DM with the code. Good luck! 

What's your favourite comp in Set 13 so far? "
Parker,Back-to-back strikeouts for Caedmon Parker to strand a runner in scoring position.
Parker,"I am giving away 6 codes for the Base Snek Little Legend! #LeaguePartner

To have a chance at winning one:

RETWEET
LIKE
FOLLOW me

The giveaway ends on February 21st and winners will get a DM with the code. Good luck! 

What's your favourite comp in Set 13 so far? "
Parker,"LANDON GILLIATT WINS IT FOR PLAINFIELD!!!

Final: Plainfield 65 Greenwood 64

Noah Smith finished with 27 points to lead all scorers. Harper Baker-Lands added 19 for the Quakers. Landon Gilliatt had 8 of his 10 in the 4th.

Parker Doolin led Greenwood with 17 points."
Parker,"Nebraska head coach Matt Rhule does the honors for Iowa defensive coordinator and last year‚Äôs Broyles Award winner Phil Parker. He had a race named for him today. 
@HuskerFootball
 @HawkeyeFootball"
Parker,"Red Friday 
@Danyeah1975
 
@BelowTestDepth
 
@Jezzebelle2024
 
@goofichyck
 
@BeeAwake1
 
@VioletaAzulSV
 
@StarxFire
 
@lavendarelly
 "
Parker,"Candace Parker a choisi de s√©lectionner Amen Thompson pour le All-Star Game. 

Elle avait la possibilit√© de rajouter un joueur √† son roster (la Team Chris Mullin) qui n'en comptait que sept.

Le Marsupilami des Rockets aidera donc Stephon Castle et Dalton Knecht dimanche ! "
#LoveIsBlind8,Where the Black people at?  #LoveIsBlind8
#LoveIsBlind8,all these white people who i can NOT tell apart #LoveIsBlind8
#LoveIsBlind8,The editing team this season when asked to include the few POC for more than 2 mins of airtime #LoveIsBlind #LoveIsBlind8
#LoveIsBlind8,"Coming from a gay, it‚Äôs lowkey a red flag to me when people talk like this

‚ÄúThat community‚Äù‚Ä¶.

‚Äúthat way‚Äù‚Ä¶ 

kind of a clear sign that they aren‚Äôt comfortable with us if they can‚Äôt even just say the word gay out loud

#LoveisBlind #LoveisBlind8"
#LoveIsBlind8,"This guy David walks into the pods openly saying, ""I haven't always had integrity"" ""I used to treat women terribly"" and all the women are like ""omg pick me! let me hold all your red flags for you!"" I can't even. #LoveIsBlind8"
#LoveIsBlind8,Joey and Monica have the cutest meeting of all time though. Like two puppy dogs from a past life.  #LoveIsBlind8
#LoveIsBlind8,Maybe we need an all Black season #LoveIsBlind8
#LoveIsBlind8,"Devin became 100% sure that Virginia was The One AFTER Brittany told him she also likes girls and he questioned her integrity inquiring if she will cheat on him w/a woman.

Fuck this dude.
#LoveIsBlind #LoveIsBlindS8 #LoveIsBlind8"
#LoveIsBlind8,How does a man like Dave even make it onto the show? Don‚Äôt pmo #LoveIsBlind8
#LoveIsBlind8,Is the gene pool small in Minneapolis  because I genuinely cannot tell these guys apart #LoveIsBlind #LoveIsBlind8
#LoveIsBlind8,"Love is Blind Devin: I am a drug addict and wanted to KMS
Love is Blind Brittany: that‚Äôs okay I accept you, I am a bisexual
Devin:

#LoveIsBlind #LoveIsBlind8"
#LoveIsBlind8,"Alex‚Äôs gut instinct is top notch.
I was rooting for Madison, despite her apparent unresolved/ frequently discussed issues, until her interaction with Meg after the breakup with Mason. And expecting Alex to ""affirm"" her bashing Mason. #LoveIsBlind #LoveIsBlind8"
#LoveIsBlind8,"Confidence is my style, and love is my power.  When you wear both, you can conquer anything!  #Confidence #Love #PowerMoves #BINI #BiancaCensori #Grammys #MusicRevolution #SmackDown #DragRace #earthquake #SNL50HomecomingConcert #LoveIsBlind8"
#LoveIsBlind8,"The audacity of men to trauma dump on a woman, and then when she opens up, he can't handle it. Do we have any green flag men this season? I think not. #LoveIsBlind8"
#LoveIsBlind8,"Meg loves to hear herself talk, especially about aliens. #LoveIsBlind8"
#LoveIsBlind8,"that‚Äôs actually so so funny that the first couple engaged this season are people named Monica and Joey hahahahahhahahaah

#LoveIsBlind8 #LoveIsBlind"
#LoveIsBlind8,The show #LoveIsBlind is really dragging out the pods this season. Four episodes in and just 1 proposal. They‚Äôre rehashing the same conversations. #LoveIsBlind8 #loveisblinds8
#LoveIsBlind8,"I find it fascinating when ppl hear that someone is bisexual, pansexual, demisexual, etc., that the first thing they say to that person equates to asking them if they're a cheater or will be monogamous. 
Devin...
#LoveIsBlind #LoveIsBlindS8 #LoveIsBlind8"
#LoveIsBlind8,My face watching Meg talk: #LoveIsBlind8 #LoveIsBlindS8
#LoveIsBlind8,Joey and Monica meeting  #loveisblind8
#LoveIsBlind8,This is the yt-est season ever #LoveIsBlind8
#LoveIsBlind8,"Madison's so called ""honesty"" with Mason was full on trying to take control of this love triangle situation. He had no business telling him how that other woman felt. #LoveIsBlind8 #LoveIsBlindS8"
#LoveIsBlind8,"Just started episode 1 & if someone picks Dave, seek therapy. He‚Äôs a walking red flag. #LoveIsBlind8 #LoveIsBlind"
#LoveIsBlind8,"ugh not the one attractive man (mason) leaving lib, his good looks and attractive voice will be missed #LoveIsBlind #LoveIsBlind8"
#LoveIsBlind8,This season is literally the most boring one I‚Äôve seen so far. I‚Äôve fallen asleep like ten different times watching it #LoveIsBlind8
#LoveIsBlind8,"Joey is a catch! I really like him, he seems like the most genuine and noble guy there. His life experiences have made him have to grow up quick, he seems responsible and very gentle/loving (needs a haircut though)
#LoveIsBlind #LoveIsBlind8"
#LoveIsBlind8,"Joey is a catch! I really like him, he seems like the most genuine and noble guy there. His life experiences have made him have to grow up quick, he seems responsible and very gentle/loving (needs a haircut though)
#LoveIsBlind #LoveIsBlind8"
#LoveIsBlind8,I know that‚Äôs right Sarah!  Chileeee the privilege on the other end lbs #LoveIsBlind8 #LoveIsBlind
#LoveIsBlind8,"I‚Äôm
Already getting pissed off. This cast seem so vanilla, so dry and so boring. UGHHHH pleaseeeeeeee #LoveIsBlind #LoveIsBlind8"
#LoveIsBlind8,Hmm idk.. this season is giving nothing but boring yt couples #LoveIsBlind #LoveIsBlind8
#LoveIsBlind8,Me everytime the girls show their engagement ring  #LoveisBlind #LoveIsBlind8
#LoveIsBlind8,"The Lacheys said this season has The Most participants than any other season.
Ummmmm...the way to possibly be successful at this shit is to be better at vetting ppl. Not to add more bodies to try and beat the odds.
#LoveIsBlind #LoveIsBlindS8 #LoveIsBlind8"
#LoveIsBlind8,The ladies building a fort is cute but the season is still boring and dry AF! #LoveisBlind #LoveisBlind8
#LoveIsBlind8,If I drank every damn time the people in the pods said ‚Äúaw I love that‚Äù I‚Äôd be absolutely LEGLESS on the floor #LoveIsBlind8
#LoveIsBlind8,Shout out to Sara for voicing up about #BlackLivesMatter and George Floyd. Also Ben is a lowkey racist. That‚Äôs a HUGE red flag! #LoveisBlind #LoveisBlind8
#LoveIsBlind8,My reaction whenever Meg on Love is Blind talks #LoveIsBlind8
#LoveIsBlind8,What possessed the producers to go to Minnesota?  #LoveIsBlind8
#LoveIsBlind8,"#loveisblind8 madison seems to me to just want to be picked by someone, I don't think she really cares about either guy. I suspect she's a girl who changes who she is to get them to like her, and I'm sad for her in that. She could miss the opportunity to be with ""her person""."
#LoveIsBlind8,I feel like I need an Adderall to keep up with Meg #LoveIsBlind #LoveIsBlind8
Yugi,Yugi
Yugi,yugi and nos
Yugi,"NMS TRADE YUGI TO 5$STAR 

Morgan,Max,Yugi"
Yugi,yugi 2025 breakout streamer of the year
Yugi,Yugi gonna boom W max fr
Yugi,My nigga yugi making it big nms might get b2b breakout streamer of the year
Yugi,Yugi & Arky got 10 new girls to call in the future
Yugi,YUGI cameraman
Yugi,Yugi and Morgan words can‚Äôt even describe it
Yugi,My nigga yugi making it big nms might get b2b breakout streamer of the year
Yugi,Yugi & Arky got 10 new girls to call in the future
Yugi,YUGI cameraman
Yugi,Yugi and Morgan words can‚Äôt even describe it
Yugi,Going from Yugi to Cinco to Dlou..
Yugi,this morgan yugi duo 
Yugi,Yugi comin to 5$TAR after this weekend 
Yugi,"Nour, Tae, and a 1st round pick for Yugi"
Yugi,We gotta pull off a luka donic trade man. Nms really got the next big superstar but we got tae2smooth cock sucking cinco all stream and after dark
Yugi,We know what Yugi boutta do
Yugi,Morgan and Yugi and LETHAL combo 
Yugi,Morgan and Yugi tonight
Yugi,I‚Äôve seen enough ngl none of em touching Dr. Yugi
Yugi,Ty and yugi rn
Yugi,Yugi got me weak broooooo 
Yugi,morgan and yugi might be the same people  villains
Yugi,Nah yugi doing his shit bro  made a girl leave with more instigating and making chaos loved it but eventually he finna get everybody gone before sunday 
Yugi,morgan and yugi deadass nerfed cinco max need them for every love event in the future
Yugi,"cinco lost both of his, ty damn near losing his, joe‚Ä¶‚Ä¶ dlou getting his ass whooped by zoe, and yugi working on getting that cmb tat yo wtf is going on"
Yugi,yugi n morgan when it comes to spreadin bs
Yugi,Faze yugi it‚Äôs time.
Yugi,Yugi pre breakout streamer of the year
Yugi,"IN TOO DEEP (After Dark)
These are the contestants that will continue streaming it.
Jaycinco http://twitch.tv/jaycincoo5
Prime http://twitch.tv/iziprime OR http://kick.com/iziprime
Tykwondoe http://twitch.tv/tykwondoe
Hyjoe http://twitch.tv/hyyjoe
Dlou (???) 
Yugi http://twitch.tv/yugi2x"
Yugi,Streets need Faze Yugi fr
Yugi,Yugi out all people saying cheating is bad..
Yugi,nah yugi at the top of the IRL category now
Yugi,"„ÄêÊã°Êï£Â∏åÊúõ„Äë
„ÄêÊèê‰æõ„Äë

ÂàùÊúüË©∞„ÇÅÂêà„Çè„Åõ
‚Äª„Éñ„É©„ÉÉ„ÇØ„Éû„Ç∏„Ç∑„É£„É≥„ÅØ„Çπ„ÉÜ„É≥„É¨„Çπ„Åß„Åô

ËààÂë≥„ÅÇ„ÇãÊñπ„ÅØDM„Çà„Çç„Åó„Åè„ÅäÈ°ò„ÅÑ„Åó„Åæ„Åô"
Yugi,what‚Äôs goin happen if all the girls leave by the night cause yugi putting up lebron numbers
Yugi,yugi and nos needa make the full time 5star trade 
Yugi,nms please trade yugi to 5star
Yugi,"Yugi is helping host PlaqueBoyMax‚Äôs ‚ÄúIN TOO DEEP‚Äù valentine special as the ‚ÄúLOVE DOCTOR‚Äù.
[http://twitch.tv/plaqueboymax] 
He will also be live with his own POV after max ends. 
[http://twitch.tv/yugi2x]"
Yugi,Respect baddie hub? They‚Äôd be on the same shit yugi and em was if they streamed more consistently
Yugi,Nms lucky asl. Niggas got arky and yugi but here in 5star we got tae2smooth and nour
Yugi,Yugi was the best choice for the love doctor 
Yugi,YUGI LMFAOOOOO
Yugi,no frl yugi is next up he‚Äôs so funny and entertaining
Yugi,OMG LE RETOUR DE LA VF DE YUGI ! Enfin on remet la lumi√®re sur ce com√©dien incroyable qu'est Laurent Sao 
Yugi,yugi on a generational run
Yugi,Yugi a perfect side character for this shit
Yugi,Yugi please replace this rub n tug gooner Tae2Smooth
Yugi,Morgan and Yugi
Yugi,"nos and yugi are having a crazy duo run, there so much going on , max gotta an actual creative director and its been peak ever since"
Yugi,ARKY JOINED YUGI‚ÄôS IG LIVE WHO‚ÄôS STUCK IN A TOILET & HIS FIRST INSTINCT WAS TO RIZZ 
#SNL50HomecomingConcert,This was awesome. Great Lonely Island medley on #SNL50HomecomingConcert. Brought back memories from high school.
#SNL50HomecomingConcert,"#SNL50HomecomingConcert ‚ÄúNot Like Us‚Äù 
Listen, somebody go ahead and put this song in the history books and add it‚Äôs impact as a course study in college  #SNL50 #SNL50‚Äôs"
#SNL50HomecomingConcert,"Will Ferrell and Ana Gasteyer as Marty Culp and Bobbi Mohan-Culp perform Kendrick Lamar's ""Not Like Us"" during #SNL50's Homecoming Concert "
#SNL50HomecomingConcert,"Post Malone fronting Nirvana at #SNL50HomecomingConcert?

Kurt Cobain said it best.

Eventually everything becomes a parody of itself."
#SNL50HomecomingConcert,post nirvana  #SNL50 #SNL50HomecomingConcert
#SNL50HomecomingConcert,"Nirvana Reunion feat Post Malone ‚ÄúSmells Like Teen Spirit‚Äù  
#PostNirvana #SNL50 #SNL50HomecomingConcert #SNLHomecomingConcert"
#SNL50HomecomingConcert,"Saturday Night Live kicked off tonight, being the most foul it has ever been. It was loaded with some of the worst people!

What did you think about this medley?
#SNL50HomecomingConcert"
#SNL50HomecomingConcert,"I am ready for the 
@PostMalone
 @Nirvana
 album! #PostNirvana is for real!! #SNL50HomecomingConcert #SNL50"
#SNL50HomecomingConcert,I thought he was sped up . Always the life of the party. #pedropascal #SNL50HomecomingConcert
#SNL50HomecomingConcert,#SNL50 #SNL50HomecomingConcert
#SNL50HomecomingConcert,Snoop Dogg can go fuck himself #traitor #SNL50HomecomingConcert #SNL50
#SNL50HomecomingConcert,I love her so much! #Cher #SNL50 #SNL50HomecomingConcert
#SNL50HomecomingConcert,"After performing on stage, Arcade Fire and the Preservation Hall Jazz band continued playing into the lobby to more applause (and dancing from Jon Hamm) #SNL50HomecomingConcert"
#SNL50HomecomingConcert,Snoop still got it.  #SNL50HomecomingConcert
#SNL50HomecomingConcert,"Tonight was the 50th Homecoming concert on  Saturday Night Live. Adam Sandler introduced Post Malone, who rocked out to Nirvana.

It was amazing! #SNL50 #SNL50HomecomingConcert"
#SNL50HomecomingConcert,"what does it say about me as a person that i didn‚Äôt think twice about not watching the grammys but i have not left my seat since the #SNL50HomecomingConcert started 

#SNL50"
#SNL50HomecomingConcert,"Snoop Dogg calling Jelly Roll a ""n*gga""   

#SNL50 #SNL50HomecomingConcert #SNL"
#SNL50HomecomingConcert,"Will Ferrell and Ana Gasteyer as Marty Culp and Bobbi Mohan-Culp performing Kendrick Lamar's ""Not Like Us"" #SNL50HomecomingConcert"
#SNL50HomecomingConcert,New York City wokeness & loving it! This is why we fight. #RESISTANCE #SNL50HomecomingConcert #LadyGaga
#SNL50HomecomingConcert,"MUCH better.

Shallow without Samberg.

#SNL #SNL50 #SNLHomecomingConcert #SNL50HomecomingConcert"
#SNL50HomecomingConcert,"watching @nbcsnl #SNL #SNL50 concert

WAY TOO MUCH going on in that last medley w/ @ladygaga , Samberg, Parnell, & whomever else was in that...too many overlapping songs at the end..."
#SNL50HomecomingConcert,"Something for us #millennials. Pedro was just watching lol (see end). 
@backstreetboys
 #SNL50HomecomingConcert"
#SNL50HomecomingConcert,"Will Ferrell and Ana Gasteyer as Marty Culp and Bobbi Mohan-Culp performing Doechiis ""Denial is a River"" on #SNL50HomecomingConcert"
#SNL50HomecomingConcert,#SNL50HomecomingConcert #SNL50 as incredible as this was...could we have got someone besides jimmy Fallon to host? He's horrible
#SNL50HomecomingConcert,"Okay, I wanna be 
@cher
 when I grow up! Apparently, she‚Äôs older than all these guys who are in complete shock! #icon #theoneandonly #cher #ificouldturnbacktime #illhavewhatsheshaving #snl50 #snl50homecomingconcert"
#SNL50HomecomingConcert,Andy Samberg thoroughly enjoying himself at the #SNL50 #SNL50HomecomingConcert is my favorite! 
#SNL50HomecomingConcert,"SNL has never had a weak cast. I've watched every episode since '91, many live, and ever since those early years, I've been hearing about the show's decline. Yet, it continues to turn out all world talent & entertainers every. Single. Decade. 

It's Lorne. #SNL50HomecomingConcert"
#SNL50HomecomingConcert,the roots carried this whole concert. they are such a phenomenal band and legendary performers #SNL50HomecomingConcert
#SNL50HomecomingConcert,"Best of luck to #SNL50 on Sunday, because #SNL50HomecomingConcert is almost impossible to follow. Cher, Nirvana, Lady Gaga, Jack White, Snoop, Lauryn Hill, Will Ferrell and Anna Gasteyer, The Roots. Holy shit what  a show!"
#SNL50HomecomingConcert,Its always like a slap in the face when the #BackstreetArmy spots the blantant disrespect and double standard by the industry toward #BackstreetBoys Its never anyone else. Just them. I can only hope they only agreed to 1 song. #SNL50HomecomingConcert
#SNL50HomecomingConcert,"At first I thought that the arcade fire performance was supposed to be an snl skit, but it turns out that their voices just suck #SNL50HomecomingConcert #snl"
#SNL50HomecomingConcert,"Why would Gaga sing that overplayed outdated song instead of literally anything else

#SNL50 #SNL50HomecomingConcert"
#SNL50HomecomingConcert,Stop giving Arcade Fire airtime or air in general #SNL50HomecomingConcert
#SNL50HomecomingConcert,"the incomparable, effervescent, incredible 
@cher
  #cher #SNL50HomecomingConcert"
#SNL50HomecomingConcert,"This concert feels like the producers just cold called anybody who was still alive to perform.

Who are these people?

#SNL50 #SNL50HomecomingConcert #SNL"
#SNL50HomecomingConcert,Is singing Turn Back time everyday the reason Cher still looks so young?  Like sort of fountain of youth incantation #SNL50 #SNL50HomecomingConcert
#SNL50HomecomingConcert,"The way the crowd EXPLODED when #BackstreetBoys came out for #SNL50HomecomingConcert  and #SNL only let them sing 1 song. While all these others are singing more than one, and the crowd could care less, says a lot. #Legends Again disrespected by the industry."
#SNL50HomecomingConcert,Post Malone crushing it with the remaining members of Nirvana is something I needed in 2025 but did not have on my bingo card. #SNL50 #SNL50HomecomingConcert
#SNL50HomecomingConcert,"Wait. Mumford and Sons are British? 

#SNL50HomecomingConcert"
#SNL50HomecomingConcert,For God‚Äôs sake David Byrne let Robyn do ‚ÄúDancing On My Own‚Äù on her own #SNL50HomecomingConcert
#SNL50HomecomingConcert,So I guess Snoop can support that POS and it‚Äôs all good? #SNL50 #SNL50HomecomingConcert
#SNL50HomecomingConcert,Did y‚Äôall see the fugees on #SNL50HomecomingConcert  or you were humpin‚Ä¶?
#SNL50HomecomingConcert,I remember I cried when I heard Cobain died coz I knew I‚Äôd never see Nirvana in person. Seeing the rest of of band here with Post Malone is not bad. MISS YOU KURT #SNL50 #SNL50HomecomingConcert
#SNL50HomecomingConcert,"Win, you're not *that* uncanceled, just let Annie and David take the lead here #SNL50HomecomingConcert"
#SNL50HomecomingConcert,"... 
@CHER
 just stole the show. 
She sounded amazing and looked great too!


#SNL50HomecomingConcert #SNL50 #SNLHomecomingConcert"
#SNL50HomecomingConcert,#SNL50HomecomingConcert was fking great. It was a spectacle to behold for sure. if you have ever been an SNL fan this will hit home for you for sure.
#SNL50HomecomingConcert,"Jack White. Next year's Super Bowl halftime performance. Make this happen. 

#SNL50HomecomingConcert"
#SNL50HomecomingConcert,Jack White joins the stage at the #SNL50 Anniversary Concert.
#SNL50HomecomingConcert,"...I watched this tonight and missed the little promo pic from SNL with Kurt ... where has the time gone?
#PostNirvana
#SNL50 
#SNL50HomecomingConcert"
#SNL50HomecomingConcert,Watching clips from #SNL50HomecomingConcert and damnnnnnnn!!!! Only SNL can do that level of star power
#SNL50HomecomingConcert,Lovitz looks so un-thrilled at this Backstreet Boys performance. #SNL #SNL50 #SNL50HomecomingConcert
#SNL50HomecomingConcert,How in the name of the Lord does Ms. Bonnie Raitt look and sound exactly  as she did when I was 15?!!! Incredible  #SNL50 #SNL50HomecomingConcert
#SNL50HomecomingConcert,I wondered if they‚Äôd feature that song! It‚Äôs POWER after 9/11 still makes me cry! I‚Äôm loving this concert! #SNL50 #SNL50HomecomingConcert
#SNL50HomecomingConcert,Eddie Vedder performing Corduroy at the #SNL50HomecomingConcert fucking rocked!
#SNL50HomecomingConcert,lorne michaels could make five loaves of bread work but jesus couldn‚Äôt make #SNL50HomecomingConcert #SNL50
#SNL50HomecomingConcert,"The Lonely Island medley on the #SNL50HomecomingConcert was perfect. As a Lonely Island superfan, I had a big smile on my face the entire time."
#SNL50HomecomingConcert,Hands up who else is disappointed that Lady Gaga decided to do a song from A Star is Born rather than a song from Joker Folie a Deux? #SNL50HomecomingConcert
#SNL50HomecomingConcert,"Would‚Äôve loved to see #pedropascal during this‚Ä¶and cher. Damn, she looked amazing. #SNL50HomecomingConcert"
#SNL50HomecomingConcert,Jack White!!  What a finish to a great night of music!  I thoroughly enjoyed that.  Now I‚Äôll go shovel.  #SNL50HomecomingConcert
#SNL50HomecomingConcert,"Seriously, this is better than the Grammys and the Rock and Roll Hall of Fame. #SNL50HomecomingConcert"
#SNL50HomecomingConcert,Pedro is having the time of his fucking life at #SNL50HomecomingConcert
#SNL50HomecomingConcert,"Pedro recording Robyn sing Dancing on my Own during #SNL50HomecomingConcert 
yes he‚Äôs gay

#SNL50"
#SNL50HomecomingConcert,"I take it back. Cher!!! Holy sh*t!!

#SNL50 #SNL #SNL50HomecomingConcert"
#SNL50HomecomingConcert,"Ana Gasteyer & Will Ferrell stole the show

@nbcsnl #SNL50"
#SNL50HomecomingConcert,yes yes yes yes! Robyn and David Byrne - best song ever?!?!? #SNL50HomecomingConcert
#SNL50HomecomingConcert,Robyn performs ‚ÄúDancing On My Own‚Äù #SNL50
#SNL50HomecomingConcert,Outstanding song. I can‚Äôt make you love me‚Ä¶ #BonnieRaitt #ChrisMartin #SNL50 #SNL50HomecomingConcert
#SNL50HomecomingConcert,"Damn. Bonnie Raitt looks and sounds damn good for 75. 

Saw her once with Bruce Hornsby like, well a LOT of years ago. 

#SNL50HomecomingConcert"
#SNL50HomecomingConcert,Powerful performance and powerful message by Brandi Carlile singing ‚ÄúThe Joke‚Äù at #SNL50HomecomingConcert Heck yes she did!
#SNL50HomecomingConcert,Brandi Carlile brings us a touching performance of ‚ÄúThe Joke‚Äù at #SNL50: The Homecoming Concert
#SNL50HomecomingConcert,"Fun Fact: there was an SNL unit that worked on A Star Is Born which we helped Bradley prep for and then shoot in 8H
 #SNL50HomecomingConcert"
#SNL50HomecomingConcert,Lady Gaga delivers an emotional performance of ‚ÄúShallow‚Äù at #SNL50‚Äôs Homecoming Concert
#SNL50HomecomingConcert,Post Nirvana is the best thing that's ever happened to me #SNL50 #SNL50HomecomingConcert
#SNL50HomecomingConcert,"Wait 
@SnoopDogg
 is at the #SNL50HomecomingConcert after bending over for 45/47?!

I have mixed feelings"
#SNL50HomecomingConcert,"‡§Ö‡§ó‡§∞ ‡§Æ‡•Å‡§ù‡•á ‡§¶‡•á‡§ñ ‡§ï‡§∞ ‡§§‡•Å‡§Æ‡•ç‡§π‡§æ‡§∞‡§æ ‡§¶‡§ø‡§≤ ‡§®‡§π‡•Ä‡§Ç ‡§ß‡§°‡§º‡§ï‡§§‡§æ 
‡§§‡•ã ‡§§‡•Å‡§Æ‡•ç‡§π‡•á‡§Ç ‡§π‡§æ‡§∞‡•ç‡§ü ‡§™‡•ç‡§∞‡§æ‡§¨‡•ç‡§≤‡§Æ ‡§π‡•à ‚Ä¢‚Ä¢‚Ä¢‚Ä¢‡§á‡§≤‡§æ‡§ú ‡§ï‡§∞‡§µ‡§æ‡§ì ‡§Ö‡§™‡§®‡§æ 
#‡§Æ‡§æ‡§´‡•Ä_‡§Æ‡§æ‡§Ç‡§ó_‡§≤‡§≤‡•ç‡§≤‡§®‡§ü‡•â‡§™
#ValentinesDay
AMRITSAR
DAYTONA
#SNL50  #SNL50#icon #theoneandonly
#cher #illhavewhatsheshaving
#snl50
#snl50homecomingconcert"
#SNL50HomecomingConcert,"Arcade Fire + St Vincent + David Byrne = Heroes de David Bowie 

#SNL50HomecomingConcert"
#SNL50HomecomingConcert,"Am I the only one who saw Aaron Rodgers with his arm around Natasha Lyonne? 

#SNL50HomecomingConcert"
#SNL50HomecomingConcert,That was an awesome way to spend 3 and 1/2 hours. Thank you Lorne! #SNL50HomecomingConcert
#SNL50HomecomingConcert,"Cher is not real

#SNL50 #SNL50HomecomingConcert"
#SNL50HomecomingConcert,"how is 
@PopCrave
 covering the #SNL50HomecomingConcert and they haven‚Äôt posted anything about Cher???"
